609	occured	occurred
524	succesful	successful
452	overriden	overridden
266	seperate	separate
225	seperated	separated
178	compatability	compatibility
171	succesfully	successfully
166	explicitely	explicitly
157	recieve	receive
148	paramter	parameter
142	enviroment	environment
140	recieved	received
139	explictly	explicitly
131	accomodate	accommodate
130	funciton	function
121	programatically	programmatically
112	reponse	response
106	prefered	preferred
106	boostrap	bootstrap
103	accross	across
102	becuase	because
102	informations	information
100	existance	existence
99	usefull	useful
98	lenght	length
98	availabe	available
96	intial	initial
96	successfull	successful
96	bitcon	Bitcoin
93	paramters	parameters
92	intialized	initialized
90	existant	existent
90	ouput	output
86	occurences	occurrences
86	occurence	occurrence
83	retreive	retrieve
81	exmaple	example
79	ressources	resources
78	neccessary	necessary
77	seperator	separator
76	avaiable	available
74	transfered	transferred
74	specifed	specified
72	verison	version
72	begining	beginning
72	defintion	definition
72	verion	version
72	lastest	latest
71	funtion	function
71	defaut	default
70	defualt	default
69	offical	official
69	preceeding	preceding
69	succesfull	successful
68	behaviour	behavior
68	applicaiton	application
68	nbresult	nResult
67	dependecies	dependencies
67	availble	available
67	langauge	language
67	commited	committed
67	occuring	occurring
66	formated	formatted
65	manualy	manually
64	chosing	choosing
63	implemenation	implementation
63	beeing	being
63	pacakge	package
62	documenation	documentation
61	comparision	comparison
61	sofware	software
61	successfuly	successfully
61	avilable	available
60	shoud	should
59	infomation	information
59	recieves	receives
59	combnation	combination
59	miinupnpc	miniupnpc
58	heirarchy	hierarchy
58	enviornment	environment
58	unkown	unknown
58	throught	through
58	maxmimum	maximum
57	avaliable	available
57	exectuable	executable
56	psuedo	pseudo
56	dependancies	dependencies
56	appropiate	appropriate
56	conjuction	conjunction
55	seperately	separately
55	propogate	propagate
55	compatiblity	compatibility
54	immediatly	immediately
54	installtion	installation
54	paramenter	parameter
53	wheter	whether
53	sucessfully	successfully
53	developement	development
53	duplcate	duplicate
53	determinstic	deterministic
52	succesfully	Successfully
52	availible	available
52	continous	continuous
52	performace	performance
51	adress	address
51	specifiy	specify
51	paramater	parameter
51	sytem	system
51	lineraize	linearize
51	accroding	according
50	respository	repository
50	publically	publicly
50	retrive	retrieve
50	paramaters	parameters
49	orginal	original
49	ammended	amended
49	futher	further
49	qbittorent	qBittorrent
49	adresses	addresses
48	ommitted	omitted
48	targetting	targeting
48	inital	initial
48	environemnt	environment
48	deamon	daemon
48	runnning	running
47	differnt	different
47	independant	independent
47	booleamn	boolean
46	agains	against
46	extention	extension
46	follwing	following
46	conditon	condition
45	becasue	because
45	runing	running
45	fucntion	function
44	mutliple	multiple
44	mulitple	multiple
44	persistant	persistent
44	recommanded	recommended
44	specifc	specific
44	betweeen	between
44	doesnt	doesn't
44	readble	readable
43	libary	library
43	specifiy	Specify
43	choosen	chosen
43	retreived	retrieved
43	direcotry	directory
43	databse	database
43	alway	always
42	writting	writing
42	propogated	propagated
42	contructor	constructor
42	unneceesarily	unnecessarily
41	recieving	receiving
41	infered	inferred
41	commiting	committing
41	miliseconds	milliseconds
41	preceeded	preceded
41	langauges	languages
41	transation	transaction
41	defintions	definitions
41	defaul	default
40	signle	single
40	extentions	extensions
40	udpate	update
40	varialbe	variable
39	acheive	achieve
39	avaialble	available
39	indicies	indices
39	postion	position
39	determins	determines
39	treshold	threshold
39	farmework	framework
39	adddrman	addrman
39	trival	trivial
38	relase	release
38	intialize	initialize
38	instanciate	instantiate
38	explicity	explicitly
38	stirng	string
38	determin	determine
38	unqiue	unique
38	similiar	similar
37	arbitary	arbitrary
37	sucessful	successful
37	sucess	success
37	precendence	precedence
37	environement	environment
37	dictionnary	dictionary
37	serivce	service
37	additonal	additional
37	addtional	additional
37	serialised	serialized
37	optimizaton	Optimization
37	ideintify	identify
36	supress	suppress
36	additionaly	Additionally
36	writen	written
36	absense	absence
36	acess	access
36	kuberentes	Kubernetes
36	gitiain	gitian
36	tabless	table's
36	violatio	VIOLATION
35	maintainance	maintenance
35	managment	management
35	destory	destroy
35	implemention	implementation
35	happend	happened
35	contianer	container
34	compatability	Compatibility
34	repsonse	response
34	instnace	instance
34	continously	continuously
34	libaries	libraries
34	containg	containing
34	embeded	embedded
34	targetted	targeted
34	ommited	omitted
34	ropository	repository
33	reciever	receiver
33	neccesary	necessary
33	deafult	default
33	brower	browser
33	accessable	accessible
33	refering	referring
33	identifer	identifier
33	syncronization	synchronization
33	priviledged	privileged
33	shoudl	should
33	envrionment	environment
33	explaination	explanation
33	recude	reduce
32	priviledges	privileges
32	arguements	arguments
32	dependecy	dependency
32	thats	that's
32	containes	contains
32	instace	instance
32	refered	referred
32	compability	compatibility
32	aquire	acquire
32	convertion	conversion
32	decription	description
31	aditional	Additional
31	documention	documentation
31	preferrably	preferably
31	depedencies	dependencies
31	comand	command
31	arugment	argument
31	requried	required
31	implicitely	implicitly
31	intall	install
31	exemple	example
30	preferrable	preferable
30	fuction	function
30	timout	timeout
30	compatibilty	compatibility
30	framwork	framework
30	documenation	Documentation
30	intergration	integration
30	retrive	Retrieve
30	tranactions	transactions
30	aditional	additional
30	overide	override
29	colums	columns
29	commiting	Committing
29	completly	completely
29	tempalte	template
29	retrived	retrieved
29	successfullly	successfully
29	unecessary	unnecessary
29	enpoint	endpoint
29	inteface	interface
29	curently	currently
29	recomended	recommended
29	analagous	analogous
29	incomming	incoming
29	retuns	returns
29	occurrances	occurrences
29	oktetovolumname	oktetoVolumeName
28	configuraiton	configuration
28	perfomance	performance
28	exisiting	existing
28	minumum	minimum
28	configuation	configuration
28	convinience	convenience
28	improssible	impossible
28	developpers	developers
28	shadowrenderer	shallowRenderer
27	avialable	available
27	recomend	recommend
27	instalation	Installation
27	represenation	representation
27	refernce	reference
27	insted	instead
27	middlware	middleware
27	commerical	commercial
27	wihtout	without
27	uncommited	uncommitted
27	ouputs	outputs
27	asyncronously	asynchronously
26	commmand	command
26	asyncronous	asynchronous
26	continous	Continuous
26	boostrap	Bootstrap
26	desireable	desirable
26	inheritence	inheritance
26	capabilites	capabilities
26	messsage	message
26	overriden	Overridden
26	contraints	constraints
26	inadvertantly	inadvertently
26	visiblity	visibility
26	retreive	Retrieve
26	hightlight	highlight
26	persistance	persistence
26	kubenetes	Kubernetes
26	diferent	different
26	acces	access
25	funtions	functions
25	coresponding	corresponding
25	resouce	resource
25	unsuccesful	unsuccessful
25	untill	until
25	initalize	initialize
25	erros	errors
25	intented	intended
25	mutiple	multiple
25	presense	presence
25	necesary	necessary
25	thier	their
25	verson	version
25	intialize	Initialize
25	optionaly	optionally
25	guarentees	guarantees
25	rawtranscation	rawtransaction
25	intalled	installed
25	ressource	resource
25	initalized	initialized
25	contraint	constraint
24	emtpy	empty
24	implmentation	implementation
24	proces	process
24	compliation	compilation
24	specificed	specified
24	underlaying	underlying
24	explict	explicit
24	arugments	arguments
24	incremeting	incrementing
24	specifing	specifying
24	evironment	environment
24	configration	configuration
24	reccomended	recommended
24	enought	enough
24	servier	server
24	elimates	eliminates
23	souce	source
23	reccommended	recommended
23	guarenteed	guaranteed
23	serveral	several
23	optionnal	optional
23	instanciated	instantiated
23	intead	instead
23	postive	positive
23	supressed	suppressed
23	recieve	Receive
23	formating	formatting
23	specfied	specified
23	maintanance	maintenance
23	requries	requires
23	usefull	Useful
23	statment	statement
23	attemps	attempts
23	recieved	Received
23	feburary	February
22	enviroments	environments
22	folowing	following
22	convinient	convenient
22	occurance	occurrence
22	instalation	installation
22	varaible	variable
22	tranformation	transformation
22	alredy	already
22	registery	registry
22	intance	instance
22	datbase	database
22	dockefile	Dockerfile
22	soruce	source
22	kuberentes	kubernetes
22	intructions	instructions
21	fileds	fields
21	packge	package
21	propery	property
21	proccess	process
21	passowrd	password
21	tranform	transform
21	pipline	pipeline
21	contaner	container
21	accesible	accessible
21	demostrates	demonstrates
21	allready	already
21	expresion	expression
21	temrinal	terminal
21	locahost	localhost
21	commnad	command
21	implments	implements
21	developping	developing
21	inteded	intended
21	transfering	transferring
21	propogation	propagation
21	metdata	metadata
21	beahvior	behavior
21	retreives	retrieves
21	ubutntu	Ubuntu
21	classe	class
21	automaticaly	automatically
21	unsupportedt	UNSUPPORTED
20	maintaners	maintainers
20	resposne	response
20	orignal	original
20	serie	series
20	depricated	deprecated
20	vaild	valid
20	numer	number
20	parition	partition
20	relevent	relevant
20	exisitng	existing
20	flexiblity	flexibility
20	arguement	argument
20	mehtod	method
20	propably	probably
20	conection	connection
20	invokation	invocation
20	obejct	object
20	libarary	library
20	budled	bundled
20	assignement	assignment
20	betwen	between
20	actuall	actual
20	reqeusts	requests
20	emitupdats	emitUpdates
20	defalut	default
20	metadadata	metadata
20	automaticly	automatically
20	shold	should
20	tetss	tests
20	numberic	numeric
20	direcitves	directives
20	applicaition	application
20	hanlde	handle
19	varaibles	variables
19	improvments	improvements
19	direclty	directly
19	protocl	protocol
19	caculate	calculate
19	somthing	something
19	resouces	resources
19	funcion	function
19	possiblity	possibility
19	retreiving	retrieving
19	pacakges	packages
19	tranlate	translate
19	specifiying	specifying
19	guidlines	guidelines
19	convience	convenience
19	compatiable	compatible
19	speficied	specified
19	releated	related
19	shuold	should
19	supress	Suppress
19	comming	coming
19	squence	sequence
19	fouth	fourth
19	retrun	return
19	virutal	virtual
19	dinamically	dynamically
19	depedency	dependency
19	reccomend	recommend
19	unkown	Unknown
19	aggregrate	aggregate
19	sesssion	session
19	exsists	exists
19	succeded	succeeded
19	unknow	UNKNOWN
19	interpeter	interpreter
18	noticable	noticeable
18	ouptut	output
18	pratice	practice
18	errror	error
18	boostrapped	bootstrapped
18	threshhold	threshold
18	ammount	amount
18	globaly	globally
18	functionallity	functionality
18	layed	laid
18	comsumer	consumer
18	responce	response
18	sanbox	sandbox
18	modifed	modified
18	isntance	instance
18	peform	perform
18	protocal	protocol
18	multipe	multiple
18	custome	custom
18	contributers	contributors
18	achive	achieve
18	credentails	credentials
18	ptyslace	PtySlave
18	bulid	build
18	becase	because
18	condtion	condition
18	suport	support
18	standart	standard
18	parallell	parallel
18	opration	operation
18	authentification	authentication
18	optinal	optional
18	breif	brief
18	classses	classes
18	provied	provided
18	projet	project
18	resuable	reusable
18	reseting	resetting
18	keydown	KeysDown
18	chunck	chunk
18	anaylsis	analysis
17	beggining	beginning
17	indentity	identity
17	hexidecimal	hexadecimal
17	enviroment	Environment
17	powerfull	powerful
17	correponding	corresponding
17	properies	properties
17	gaurantee	guarantee
17	hanlder	handler
17	unknow	unknown
17	documentaion	documentation
17	seperate	Separate
17	agressive	aggressive
17	foward	forward
17	lables	labels
17	definiton	definition
17	specfic	specific
17	correspoding	corresponding
17	peristent	persistent
17	udpated	updated
17	ocurred	occurred
17	tempaltes	templates
17	recommened	recommended
17	dependences	dependencies
17	unneccessary	unnecessary
17	sensative	sensitive
17	developper	developer
17	contruct	construct
17	aribtrary	arbitrary
17	heighest	highest
17	localy	locally
17	bandwith	bandwidth
17	whereever	wherever
17	recommand	recommend
17	differenciate	differentiate
17	diretory	directory
17	integate	integrate
17	jamine	Jasmine
17	occurenceorderplugin	OccurrenceOrderPlugin
17	usuing	using
17	publising	publishing
17	bunldes	bundles
17	replacememt	replacement
17	relace	replace
16	sring	string
16	curent	current
16	availablity	availability
16	pased	passed
16	seach	search
16	adminstrator	administrator
16	attibute	attribute
16	diviation	deviation
16	beacuse	because
16	concurency	concurrency
16	namepsace	namespace
16	entires	entries
16	comamnd	command
16	fileystem	filesystem
16	ressources	Resources
16	clases	classes
16	componet	component
16	mininum	minimum
16	whcih	which
16	cannonical	canonical
16	statments	statements
16	indentifier	identifier
16	pathes	paths
16	exection	execution
16	cooresponding	corresponding
16	vaule	value
16	alternativly	Alternatively
16	compatable	compatible
16	carefull	careful
16	reqeust	request
16	registerd	registered
16	overwritting	overwriting
16	philosphy	philosophy
16	agaist	against
16	muliple	multiple
16	discpline	discipline
16	labled	labeled
16	broswer	browser
16	depdendencies	dependencies
16	sequnces	sequences
16	seuqnece	sequence
16	shoul	should
16	acheived	achieved
16	persitent	persistent
16	varible	variable
16	returs	returns
16	kuberntes	kubernetes
16	versin	version
16	utilites	utilities
16	extremly	extremely
16	renderered	rendered
16	recomendation	Recommendation
16	languag	language
16	pusblishing	publishing
16	approprite	appropriate
16	crypric	cryptic
16	firsrt	First
16	coule	could
16	overrading	overriding
16	overrding	overrading
16	extensionn	extension
15	disbale	disable
15	succes	success
15	useing	using
15	maintaing	maintaining
15	erorr	error
15	browers	browsers
15	befor	before
15	implmented	implemented
15	atributes	attributes
15	sould	should
15	branchs	branches
15	remeber	Remember
15	constuctor	constructor
15	hander	handler
15	underyling	underlying
15	sufficent	sufficient
15	messsages	messages
15	whithout	without
15	segement	segment
15	suported	supported
15	faciliate	facilitate
15	editting	editing
15	mesage	message
15	implemetation	implementation
15	wrapps	wraps
15	retruns	returns
15	unitialized	uninitialized
15	definitly	definitely
15	sepcific	specific
15	responsability	responsibility
15	interpretted	interpreted
15	metada	metadata
15	colelction	collection
15	realy	really
15	susbsystem	Subsystem
15	paramaters	Parameters
15	slighly	slightly
15	progess	progress
15	responsable	responsible
15	mutli	multi
15	runnig	running
15	lenghts	lengths
15	alread	already
15	conatiner	container
15	retreives	Retrieves
15	intialization	initialization
15	requst	request
15	amout	amount
15	contians	contains
15	mising	missing
15	unambigious	unambiguous
15	mininal	minimal
15	dipatcher	dispatcher
15	peice	piece
15	identation	indentation
15	respecitvely	respectively
15	limitting	limiting
15	varibles	variables
15	propsal	proposal
15	funcation	function
15	videostrech	VideoStretch
14	migth	might
14	javascipt	JavaScript
14	yeild	yield
14	hierachy	hierarchy
14	retrives	retrieves
14	continious	continuous
14	componets	components
14	addres	address
14	depdendency	dependency
14	weigth	weight
14	interally	internally
14	properites	properties
14	occurances	occurrences
14	deault	default
14	differnet	different
14	folling	following
14	usally	usually
14	agruments	arguments
14	excute	execute
14	algorith	algorithm
14	certficate	certificate
14	contributers	Contributors
14	lable	label
14	outputing	outputting
14	utilties	utilities
14	mutliple	Multiple
14	everthing	everything
14	initialise	initialize
14	everyting	everything
14	particulary	particularly
14	alwasy	always
14	excuted	executed
14	overridding	overriding
14	currenly	currently
14	memmory	memory
14	mananger	manager
14	requiered	required
14	reccommend	recommend
14	settins	settings
14	programatic	programmatic
14	mantained	maintained
14	langauge	Language
14	whenver	whenever
14	practive	practice
14	thats	That's
14	asigned	assigned
14	confiuration	configuration
14	noticefication	Notification
14	getdesireableserviceflags	GetDesirableServiceFlags
14	withold	withhold
14	auxilliary	auxiliary
14	connnection	connection
14	exeption	exception
14	percantage	percentage
14	interal	internal
14	defintion	Definition
14	sesion	session
14	exmaples	examples
14	hyperparamters	hyperparameters
14	soley	solely
14	envionrment	environment
14	reproducable	reproducible
14	contex	context
14	abitrary	arbitrary
14	perfomed	performed
14	combintion	combination
14	rambda	Ramda
14	componts	components
14	propsl	props
14	desguars	desugars
14	handlefahrehnheitchange	handleFahrenheitChange
14	calcutor	Calculator
14	changges	changes
14	fundations	foundations
14	occassionally	occasionally
14	intput	input
14	migitate	mitigate
14	componets	Components
14	mimimumzoomscale	minimumZoomScale
13	acccess	access
13	infromation	information
13	lenght	Length
13	eligable	eligible
13	initilization	initialization
13	langage	language
13	developped	developed
13	coffe	coffee
13	languge	language
13	machien	machine
13	approriate	appropriate
13	follwoing	following
13	stoppped	stopped
13	suppport	support
13	assocated	associated
13	infomration	information
13	guage	gauge
13	substract	subtract
13	descrption	description
13	minifers	minifiers
13	comands	commands
13	devided	divided
13	conent	content
13	customise	customize
13	directoy	directory
13	exptected	expected
13	interchangable	interchangeable
13	classs	class
13	appliation	application
13	wheter	Whether
13	immediatelly	immediately
13	hiearchy	hierarchy
13	commiter	committer
13	clinet	client
13	desactivated	deactivated
13	lifecyle	lifecycle
13	configuraton	configuration
13	dafault	default
13	althoguh	although
13	atribute	attribute
13	enviornments	environments
13	webiste	website
13	applicatoin	application
13	elemnts	elements
13	boundry	boundary
13	speficy	specify
13	charactor	character
13	availibility	availability
13	containter	container
13	wheras	whereas
13	defalt	default
13	methid	method
13	limitted	limited
13	determing	determining
13	compatibile	compatible
13	nubmer	number
13	paramters	Parameters
13	emited	emitted
13	officialy	officially
13	exampe	example
13	comitted	committed
13	comonent	component
13	dimention	dimension
13	mentionned	mentioned
13	probablistic	probabilistic
13	pyhton	Python
13	comunication	Communication
13	dowloads	downloads
13	strign	string
13	instanciation	instantiation
13	inmediately	immediately
13	interupt	interrupt
13	controll	control
13	rendererer	renderer
13	errornous	erroneous
13	relavent	relevant
13	ommit	omit
13	varibale	variable
13	schama	schema
13	reuseable	reusable
13	settimout	setTimeout
13	chcek	CHECK
13	mimimumsize	minimumSize
12	calss	class
12	dowload	download
12	definion	definition
12	rumamge	Rummage
12	acutal	actual
12	evaulate	evaluate
12	perfrom	perform
12	continously	Continuously
12	cluser	cluster
12	propper	proper
12	listner	listener
12	emptry	empty
12	unfortunatelly	Unfortunately
12	plese	Please
12	tranformer	transformer
12	componenets	components
12	instaled	installed
12	depdencies	dependencies
12	entites	entities
12	boostrapper	bootstrapper
12	pallete	palette
12	delimeter	delimiter
12	upate	update
12	omited	omitted
12	depracated	deprecated
12	configutation	configuration
12	definately	definitely
12	maximun	maximum
12	interaface	interface
12	authenication	authentication
12	visibile	visible
12	accesss	access
12	elments	elements
12	requred	required
12	spcified	specified
12	recomment	recommend
12	controling	controlling
12	procesing	processing
12	msreqeusttimeout	msRequestTimeout
12	occurrs	occurs
12	foler	folder
12	requets	requests
12	notifcations	notifications
12	acount	account
12	componnet	component
12	decribe	describe
12	propertes	properties
12	reuqest	request
12	genrate	generate
12	seperators	separators
12	ubunutu	Ubuntu
12	referenece	reference
12	bulding	building
12	becuase	Because
12	exlude	exclude
12	asychronous	asynchronous
12	programm	program
12	heigth	height
12	avalible	available
12	managment	Management
12	fucntions	functions
12	evalutes	evaluates
12	databsae	database
12	retrives	Retrieves
12	conneciton	connection
12	availabel	available
12	incuding	including
12	arbtrary	arbitrary
12	saveing	saving
12	betweem	between
12	javscript	javascript
12	descriptino	Description
12	squshed	squashed
12	copmose	Compose
12	mutiple	Multiple
12	seciton	section
12	initally	initially
12	priviliged	privileged
12	invokations	invocations
12	protcol	protocol
12	resoruce	resource
12	adviced	advised
12	vesion	version
12	someting	something
12	initated	initiated
12	priveleges	privileges
12	interator	iterator
12	minmal	minimal
12	satisified	satisfied
12	licencse	LICENSE
12	arround	around
12	symetric	symmetric
12	corrrect	correct
12	alwyas	Always
12	kuberntes	Kubernetes
12	seemlessly	seamlessly
12	differen	different
12	auxiliar	auxiliary
12	slubuilder	slugbuilder
12	lanugage	language
12	achived	achieved
12	contsructor	constructor
12	develoment	development
12	furture	future
12	forseeable	foreseeable
12	mathods	methods
12	discrimanted	discriminated
12	delcare	declare
12	implementaiton	implementation
12	visilbity	visibility
12	debuging	debugging
12	experiement	experiment
12	sepcified	specified
12	degredation	degradation
12	effecient	efficient
12	myregistrkeysecretname	myRegistryKeySecretName
12	isntead	instead
12	continuesly	Continuously
12	delcares	declares
12	setings	settings
12	foirefox	Firefox
12	exeuction	Execution
12	visibililty	visibility
12	blokc	block
12	salseforce	salesforce
12	aritfacts	artifacts
12	satisify	satisfy
12	enountered	encountered
12	unminifed	unminified
12	colocation	collocation
12	miconfigured	misconfigured
12	bulgaia	Bulgaria
12	introducinc	introducing
12	oncurrent	Concurrent
12	keybard	keyboard
12	mistakingly	mistakenly
11	retuns	Returns
11	bulding	Building
11	compnent	component
11	retruns	Returns
11	implentation	implementation
11	definetly	definitely
11	memebers	members
11	interchangably	interchangeably
11	mulit	multi
11	shure	sure
11	hypen	hyphen
11	comming	Coming
11	enhancments	enhancements
11	placehoder	placeholder
11	syncronous	synchronous
11	controler	controller
11	containts	contains
11	versio	version
11	dictonary	dictionary
11	instatiating	instantiating
11	garantee	guarantee
11	durring	during
11	execption	exception
11	expresssion	expression
11	platfrom	platform
11	charater	character
11	recommented	recommended
11	prediciton	prediction
11	fetchs	Fetches
11	unsuccessfull	unsuccessful
11	repoistory	repository
11	porject	project
11	substractor	subtractor
11	suceeds	succeeds
11	contaienr	container
11	excpetion	exception
11	indicitive	indicative
11	crednetials	credentials
11	simlar	similar
11	registed	registered
11	thorugh	through
11	varios	various
11	necesarry	necessary
11	initilize	initialize
11	resolveable	resolvable
11	witout	without
11	depenency	dependency
11	determins	Determines
11	verision	version
11	exaclty	exactly
11	whould	would
11	optinally	optionally
11	failes	fails
11	objets	objects
11	healty	healthy
11	necessarly	necessarily
11	seting	setting
11	provdies	provides
11	interation	iteration
11	immidiately	immediately
11	botom	bottom
11	reutrn	return
11	wrappesisbody	wrapperIsBody
11	returnes	returns
11	consistant	consistent
11	excercises	exercises
11	unles	unless
11	availalbe	available
11	excercise	Exercise
11	manfiest	manifest
11	servie	service
11	exising	existing
11	defaut	Default
11	implicity	implicitly
11	unncessary	unnecessary
11	explictly	Explicitly
11	overrite	overwrite
11	optimzation	optimization
11	enbale	enable
11	enconding	encoding
11	deprected	Deprecated
11	statmeent	statement
11	likey	likely
11	skiped	skipped
11	wheather	whether
11	searchs	searches
11	argumrnt	argument
11	resposible	responsible
11	intervall	interval
11	somwhere	somewhere
11	messge	message
11	trianing	training
11	uplaod	upload
11	hypens	hyphens
11	requirments	requirements
11	pasword	password
11	exsiting	existing
11	maitainers	maintainers
11	delte	delete
11	mechansim	mechanism
11	extenstions	extensions
11	implented	implemented
11	applcation	application
11	fullfilled	fulfilled
11	environnement	environment
11	constrcutor	constructor
11	actuall	Actual
11	endianess	endianness
11	parantheses	parentheses
11	matchs	matches
11	indeces	indices
11	divded	divided
11	interfer	interfere
11	controled	controlled
11	backgroud	background
11	weigths	weights
11	accesibility	accessibility
11	idependently	independently
11	obeject	Object
11	controler	Controller
11	plataform	platform
10	runnign	running
10	represeting	representing
10	occures	occurs
10	thead	thread
10	apperance	appearance
10	evalute	evaluate
10	contoller	controller
10	adjecent	adjacent
10	andorid	Android
10	creat	Create
10	contant	constant
10	currnet	current
10	provice	provide
10	funcitons	functions
10	sequencially	sequentially
10	contaning	containing
10	bewteen	between
10	helpfull	helpful
10	internatinal	International
10	functionnalities	functionalities
10	excercise	exercise
10	assests	assets
10	flase	false
10	downlaoded	downloaded
10	unkown	UNKNOWN
10	implictly	implicitly
10	sandard	standard
10	gihub	Github
10	orgin	origin
10	initilized	initialized
10	destionation	destination
10	reliablity	reliability
10	interger	integer
10	minut	minute
10	symble	symbol
10	pubilc	public
10	adnin	admin
10	gauranteed	guaranteed
10	hastables	hashtables
10	methode	method
10	explicitely	Explicitly
10	sigle	single
10	reponses	responses
10	fininshed	finished
10	additon	addition
10	calback	callback
10	explcitly	explicitly
10	applciation	application
10	provate	private
10	attribtues	attributes
10	uneccessary	unnecessary
10	intializer	initializer
10	decleration	declaration
10	dashbaord	dashboard
10	zookeper	Zookeeper
10	kubernets	Kubernetes
10	diffrent	different
10	optinally	Optionally
10	capabilties	capabilities
10	indecies	Indices
10	allowd	allowed
10	nonexistant	nonexistent
10	overidden	overridden
10	addtion	addition
10	maxiumum	maximum
10	suppported	supported
10	encourge	encourage
10	asynchrounous	asynchronous
10	remplacement	replacement
10	checkes	checks
10	uniqe	unique
10	inforamtion	information
10	hanldes	handles
10	virtualizaion	virtualization
10	secutity	security
10	subid	subuid
10	emmited	emitted
10	consequenses	consequences
10	mainainer	maintainer
10	acutally	actually
10	standart	Standard
10	maintaned	maintained
10	setchedule	setschedule
10	intermidiate	intermediate
10	diplay	display
10	automtically	automatically
10	becouse	because
10	defition	definition
10	communcation	communication
10	attibutes	attributes
10	possiblities	possibilities
10	retun	return
10	retunrs	returns
10	directorys	directories
10	deployement	deployment
10	undestand	understand
10	argments	arguments
10	documantation	documentation
10	positon	position
10	provded	provided
10	dependancies	Dependencies
10	packges	packages
10	retriving	retrieving
10	commmit	commit
10	marknigs	markings
10	addressible	addressable
10	delimitted	delimited
10	incude	Include
10	sript	script
10	charcter	character
10	adress	Address
10	compatibily	compatibility
10	inprovements	improvements
10	lenth	length
10	commmerce	commerce
10	beforenter	beforeEnter
10	clickig	clicking
10	behvior	behavior
10	signifcant	significant
10	creat	create
10	becaues	because
10	interated	iterated
10	secuirty	Security
10	modually	modularly
10	informatio	information
10	funcions	functions
10	acording	according
10	hodling	holding
10	dectivatedemitted	DeactivatedEmitted
10	messgae	message
10	inital	INITIAL
10	wizzard	wizard
10	decending	descending
10	convertablefrombyte	ConvertibleFromByte
10	farenheit	fahrenheit
10	dirver	driver
10	assemlies	assemblies
10	overwriten	overwritten
10	heathcheck	healthcheck
10	truthes	truths
10	implementor	implementer
10	dyanmic	dynamic
10	sentense	sentence
10	veriyinputinformation	VerifyInputInformation
10	editted	edited
10	perfile	Profile
10	assigment	assignment
10	unisgned	unsigned
10	ecreovery	ECRecovery
10	objecs	OBJECTS
10	joruney	JOURNEY
10	pgrama	pragma
10	parametrizedcontextmapper	ParameterizedContextMapper
10	uncofirmed	unconfirmed
9	implimentation	implementation
9	preffered	preferred
9	informtion	information
9	desciption	description
9	proeprties	properties
9	intepreted	interpreted
9	definied	defined
9	whith	with
9	programatically	Programmatically
9	downlaod	download
9	javscript	JavaScript
9	possibile	possible
9	trigged	triggered
9	opreation	operation
9	appearence	appearance
9	ofter	often
9	kubernetest	kubernetes
9	cannnot	cannot
9	valeu	value
9	hhttps	https
9	prject	project
9	unknow	Unknown
9	useage	Usage
9	namesapce	namespace
9	instaed	instead
9	exectuted	executed
9	valiation	validation
9	predifined	predefined
9	browswer	browser
9	constrast	contrast
9	detatch	detach
9	isntall	install
9	finaly	finally
9	scoll	scroll
9	compnents	components
9	optiona	optional
9	deprected	deprecated
9	chlid	child
9	repositry	repository
9	transaciton	transaction
9	primative	primitive
9	deprectated	deprecated
9	writting	Writing
9	curren	current
9	charachters	characters
9	virual	virtual
9	priorty	priority
9	environemnts	environments
9	accomodating	accommodating
9	assigments	assignments
9	assing	assign
9	implementes	implements
9	platfrom	Platform
9	depracted	deprecated
9	convertions	conversions
9	peformance	performance
9	intializing	initializing
9	certian	certain
9	analyser	analyzer
9	daraframes	DataFrames
9	additionaly	additionally
9	proeprty	property
9	grammer	grammar
9	conenction	connection
9	stoping	stopping
9	decendants	descendants
9	sessinbean	SessionBean
9	funtionality	functionality
9	initialzer	initializer
9	examle	example
9	environmet	environment
9	reqest	request
9	chage	change
9	corresponing	corresponding
9	sequnce	sequence
9	executeable	executable
9	efficent	efficient
9	comparsion	comparison
9	complient	compliant
9	desription	description
9	mthod	method
9	commom	common
9	reccurent	recurrent
9	actualy	actually
9	retuned	returned
9	listners	listeners
9	happenned	happened
9	cerficates	certificates
9	virtualzation	virtualization
9	installating	Installation
9	sotres	stores
9	prcedure	procedure
9	commercialy	Commercially
9	resdis	redis
9	cintainer	container
9	dmtaskdestory	DmTaskDestroy
9	inerited	inherited
9	nextwork	network
9	cabdidate	candidate
9	metatadata	metadata
9	exececutable	Executable
9	assocaited	associated
9	itterating	iterating
9	gaget	gadget
9	macox	MacOSX
9	mouted	mounted
9	propagtion	propagation
9	intermidiery	intermediary
9	disinguish	distinguish
9	transmition	transmission
9	reposiotry	repository
9	pysical	physical
9	reasses	Reassess
9	disabed	disabled
9	idiosynchracies	idiosyncrasies
9	arbatrary	arbitrary
9	changeing	changing
9	connexions	connections
9	reppository	repository
9	readabla	readable
9	appications	applications
9	errinvalidworikingdirectory	ErrInvalidWorkingDirectory
9	substantivly	substantially
9	dockter	docker
9	disek	disk
9	extremeley	extremely
9	receieved	received
9	donecoping	doneCopying
9	restuls	results
9	replacment	replacement
9	librairies	libraries
9	aplication	application
9	dirctory	directory
9	ouput	Output
9	beyong	beyond
9	comamnds	commands
9	refrence	reference
9	messagges	messages
9	oportunity	opportunity
9	necssary	necessary
9	dready	ready
9	intercpetors	interceptors
9	creats	creates
9	secion	section
9	plaform	platform
9	seperation	separation
9	targed	target
9	requied	required
9	videbandwidthlimit	videoBandwidthLimit
9	handfull	handful
9	memeber	member
9	sevices	services
9	specfication	specification
9	intances	instances
9	differents	different
9	nigthmare	Nightmare
9	configuratoin	configuration
9	hasstopedsandbox	hasStoppedSandbox
9	hasstopedcontainer	hasStoppedContainer
9	measurment	measurement
9	chnage	change
9	zookeepr	Zookeeper
9	elipsis	ellipsis
9	acquistion	acquisition
9	configue	configure
9	maching	matching
9	libray	library
9	informaiton	information
9	useage	usage
9	simplist	simplest
9	geoorgia	Georgia
9	contants	constants
9	continutation	continuation
9	contructed	constructed
9	provoced	provoked
9	cient	client
9	developement	Development
9	langugage	language
9	throug	through
9	committments	commitments
9	subsitution	substitution
9	cildren	children
9	preformance	performance
9	encoutering	encountering
9	evaludated	evaluated
9	poriod	period
9	agumented	augmented
9	direcitve	directive
9	folowwing	following
9	authenticaiton	authentication
9	chararacter	character
9	accidentially	Accidentally
9	dependnecy	dependency
9	recusively	recursively
9	featuers	features
9	constains	contains
9	alltogether	altogether
9	postionlistener	positionListener
9	protoype	prototype
9	platorm	platform
9	instrucitons	instructions
9	dispaly	display
9	consitent	consistent
9	intergration	Integration
9	mesasge	message
9	inernel	Internal
9	aplied	applied
9	invidual	individual
9	conver	convert
9	asynchonously	asynchronously
9	thise	this
9	thius	this
9	reigstered	registered
9	satisifed	satisfied
9	instuctions	instructions
9	sugnup	signup
9	clusterrbaconfig	ClusterRbacConfig
9	ouputpluginxml	outputPluginXml
9	appart	apart
9	evaulated	evaluated
9	nrtwork	network
9	hanlder	Handler
9	niether	Neither
9	asumed	assumed
9	conectivity	connectivity
9	vulnerabitlies	vulnerabilities
9	initializaion	Initialization
9	sequnece	sequence
9	iutput	input
9	elseif	else
9	warings	warnings
9	compliling	Compiling
9	skiny	Skinny
8	intersted	interested
8	contibute	contribute
8	contstructor	constructor
8	implementors	implementers
8	ambigous	ambiguous
8	clobal	global
8	abilty	ability
8	commont	common
8	interpretor	interpreter
8	probabilty	probability
8	configuartion	configuration
8	alwyas	always
8	devlopment	development
8	closeed	closed
8	diffent	different
8	pratical	practical
8	benifit	benefit
8	enalbed	enabled
8	exectued	executed
8	feeback	feedback
8	imges	images
8	addess	address
8	gurantee	guarantee
8	tipically	typically
8	lates	latest
8	protoype	Prototype
8	auxilary	auxiliary
8	standlone	Standalone
8	adddress	address
8	listes	listed
8	resonable	reasonable
8	remaing	remaining
8	asociated	associated
8	fuctions	functions
8	currrent	current
8	argment	argument
8	alternativelly	Alternatively
8	accidentaly	accidentally
8	familar	familiar
8	keywork	keyword
8	enfore	enforce
8	equivilant	equivalent
8	taget	target
8	replacable	replaceable
8	sytax	syntax
8	netowrk	Network
8	partiton	partition
8	methos	method
8	colleciton	collection
8	fasion	fashion
8	applciations	applications
8	indended	intended
8	prevous	previous
8	multple	multiple
8	bacward	backward
8	connetion	connection
8	similarily	Similarly
8	symbles	symbols
8	ditribution	distribution
8	namspace	namespace
8	manged	managed
8	decalre	Declare
8	compansate	compensate
8	resouce	Resource
8	versoin	version
8	methdo	method
8	soure	source
8	classifer	classifier
8	indepedently	independently
8	substraction	subtraction
8	coollapse	collapse
8	attachement	attachment
8	snaphot	snapshot
8	implementaion	implementation
8	priviliges	privileges
8	functionnality	functionality
8	corrosponding	corresponding
8	metod	method
8	sicne	since
8	instad	instead
8	substituion	substitution
8	somethign	something
8	notificaiton	notification
8	futhermore	Furthermore
8	evaludate	Evaluate
8	resoruce	Resource
8	vlaue	value
8	eaiser	easier
8	illegaly	Illegally
8	oject	object
8	caracter	character
8	cacheing	caching
8	seemless	seamless
8	suceeded	succeeded
8	recusion	recursion
8	environmnet	environment
8	convetion	convention
8	commmands	commands
8	depencency	dependency
8	aquired	acquired
8	measurments	measurements
8	initialised	initialized
8	polute	pollute
8	dislay	Display
8	depdendent	dependent
8	timetamp	timestamp
8	introducting	introducing
8	lamdba	lambda
8	rysnc	rsync
8	conviniently	conveniently
8	liscense	License
8	controlls	controls
8	passsword	password
8	challange	challenge
8	direcory	directory
8	delets	deletes
8	optionaly	Optionally
8	extenstion	extension
8	opertaions	operations
8	kuberenetes	Kubernetes
8	imgage	Image
8	developemnt	development
8	resrouces	resources
8	truely	truly
8	analize	analyze
8	reponse	Response
8	moduels	modules
8	imakes	makes
8	attmpts	attempts
8	healtcheck	healthcheck
8	emmitted	emitted
8	limitied	limited
8	papth	PATH
8	filesytem	filesystem
8	suppored	supported
8	emiter	emitter
8	retore	restore
8	intepreter	interpreter
8	oherwise	otherwise
8	reponsible	responsible
8	remeber	remember
8	definining	defining
8	depricated	DEPRECATED
8	offest	offset
8	apparant	apparent
8	learing	learning
8	coodinate	coordinate
8	librairy	library
8	contins	contains
8	uunconfirmed	unconfirmed
8	sqaure	square
8	datasabe	Database
8	evnet	event
8	netowrk	network
8	wihout	without
8	correcly	correctly
8	backporp	backprop
8	bouding	bounding
8	attirbute	attribute
8	exectute	execute
8	referece	reference
8	imporant	important
8	repostiory	repository
8	convienience	convenience
8	postgressql	PostgreSQL
8	asychronously	asynchronously
8	througput	throughput
8	strech	stretch
8	gracefull	graceful
8	contributer	contributor
8	charaters	characters
8	convient	convenient
8	avalable	available
8	conatin	contain
8	dynamicly	dynamically
8	kubenetes	kubernetes
8	authorative	authoritative
8	calulated	calculated
8	lamba	lambda
8	unhealty	unhealthy
8	appied	applied
8	attemmps	attempts
8	possbile	possible
8	succefully	successfully
8	repliationcontroller	replicationController
8	ownersip	ownership
8	quering	querying
8	initialy	initially
8	laoder	loader
8	parimarykey	PrimaryKey
8	beatiful	beautiful
8	shuld	should
8	expesne	Expense
8	insensitve	insensitive
8	dataset	datasets
8	pincable	pinchable
8	behavour	behaviour
8	easly	easily
8	instalations	installations
8	setclosewindowlebel	setCloseWindowLevel
8	receieve	receive
8	currect	current
8	similary	Similarly
8	sessison	session
8	exaple	example
8	regsiter	register
8	equivelant	equivalent
8	exmaple	Example
8	abstact	abstract
8	duplucated	duplicated
8	delted	deleted
8	componen	component
8	primatives	primitives
8	autenticator	authenticator
8	funcionality	functionality
8	defualt	Default
8	dknightversionthemechangingnotificaiton	DKNightVersionThemeChangingNotification
8	debain	Debian
8	apropriate	appropriate
8	prority	priority
8	resused	reused
8	committment	commitment
8	acceptible	acceptable
8	asyncronously	Asynchronously
8	decribed	described
8	quaterly	QUARTERLY
8	notifcation	notification
8	prodiction	production
8	epmty	Empty
8	leadconnection	LeastConnection
8	pagenated	paginated
8	poiting	pointing
8	avaible	available
8	onfigure	configure
8	suports	supports
8	concatinate	concatenate
8	parametes	parameters
8	tange	range
8	modifacation	Modification
8	mappble	Mappable
8	controlls	Controls
8	connnect	connect
8	summmary	summary
8	desactivate	deactivate
8	databas	database
8	porduct	product
8	propertorder	propertyOrder
8	rigth	right
8	similiar	Similar
8	volumn	volume
8	meight	might
8	focussable	focusable
8	speicified	specified
8	implemetnation	implementation
8	pasers	PARSERS
8	detailled	detailed
8	assignements	assignments
8	provies	Provides
8	consequtive	consecutive
8	marketprotcol	marketprotocol
8	venctor	Vector
8	stuido	Studio
8	insatll	install
8	verison	Version
8	acessors	Accessors
8	colletion	collection
8	resonsiveproptype	responsivePropType
8	degress	degrees
8	persmissions	permissions
8	appliaction	application
8	trooublshooting	troubleshooting
8	refrestcapslockwarning	RefreshCapsLockWarning
8	openstaci	OpenStack
8	neuton	neutron
8	destoys	Destroys
8	instanatiation	Instantiation
8	markeplaceadapter	MarketplaceAdapter
8	appying	applying
8	eyerone	Everyone
8	threadscolletcor	ThreadsCollector
8	descion	decision
8	hamamard	Hadamard
8	genereric	generic
8	scirpt	script
8	dependeciestesthelpers	DependenciesTestHelpers
8	tmail	email
8	rhtml	html
8	variabes	Variables
8	foregemini	forceGemini
8	hadlers	handler
8	crawlerstoped	crawlerStopped
8	tcprop	tProp
8	usebuilins	useBuiltIns
7	specificly	specifically
7	minimun	minimum
7	implict	implicit
7	convienent	convenient
7	nuber	number
7	serach	search
7	unknwon	unknown
7	algoritm	algorithm
7	varient	variant
7	elemnt	element
7	alreayd	already
7	inlcude	include
7	parameteres	parameters
7	converst	converts
7	dimentions	dimensions
7	hearbeat	heartbeat
7	declartion	declaration
7	possibilites	possibilities
7	databse	Database
7	curernt	current
7	relese	release
7	swith	switch
7	addtional	Additional
7	lattitude	latitude
7	commads	commands
7	varialbles	variables
7	defailt	default
7	automically	automatically
7	projets	projects
7	lcoal	local
7	appling	applying
7	contaier	container
7	incude	include
7	guidlines	Guidelines
7	downlaods	downloads
7	triggerred	triggered
7	procotol	protocol
7	redable	readable
7	multipler	multiplier
7	tranformations	transformations
7	namepace	namespace
7	strucutre	structure
7	methos	methods
7	addding	adding
7	servies	services
7	disbled	disabled
7	guarentee	guarantee
7	easist	easiest
7	scipt	script
7	dalegate	Delegate
7	charactors	characters
7	mannually	manually
7	cofiguration	configuration
7	correpsonding	corresponding
7	temprary	temporary
7	configuratin	configuration
7	convinience	Convenience
7	inifinite	infinite
7	evcition	eviction
7	analysed	analyzed
7	resuse	reuse
7	appplication	application
7	undesireable	undesirable
7	varibales	variables
7	convetions	conventions
7	posible	possible
7	proceding	proceeding
7	runing	Running
7	exept	except
7	subsitute	substitute
7	futher	Further
7	perodically	periodically
7	aplications	applications
7	paralle	parallel
7	struture	structure
7	assoicated	associated
7	analized	analyzed
7	todays	today's
7	opertion	operation
7	genric	generic
7	deply	deploy
7	projcet	project
7	exaples	examples
7	imediately	immediately
7	comopnent	component
7	guranteed	guaranteed
7	voume	volume
7	modications	modifications
7	instanciate	Instantiate
7	initialise	Initialize
7	diplayed	displayed
7	retieve	retrieve
7	wierd	weird
7	implementaions	implementations
7	ingore	ignore
7	allways	always
7	seprated	separated
7	likley	likely
7	contructor	Constructor
7	triger	trigger
7	conirm	confirm
7	opeartion	operation
7	represention	representation
7	openning	opening
7	concatentation	concatenation
7	supprt	support
7	beause	because
7	delimitors	delimiters
7	assosiated	associated
7	currenty	currently
7	preperation	preparation
7	diagnosic	diagnostic
7	sucess	SUCCESS
7	yeilds	yields
7	ambigious	ambiguous
7	comparion	comparison
7	corrrectly	correctly
7	authentcation	authentication
7	specificy	specify
7	functino	function
7	settting	setting
7	exeucting	executing
7	overrided	overridden
7	respone	response
7	delagate	delegate
7	booelan	boolean
7	heirarchical	hierarchical
7	winodw	window
7	synatx	syntax
7	maintenace	maintenance
7	outputed	outputted
7	wraper	wrapper
7	superceded	superseded
7	dependcies	dependencies
7	higly	highly
7	authetication	authentication
7	construtor	constructor
7	imporve	improve
7	recommeded	recommended
7	fasle	false
7	serivce	Service
7	complie	compile
7	intallation	installation
7	prinicipal	principal
7	automaticall	automatically
7	propogating	propagating
7	deployes	deploys
7	properities	properties
7	excecution	execution
7	perfer	prefer
7	iamge	image
7	promt	prompt
7	subscribtion	subscription
7	golbal	global
7	createimporatant	createImportant
7	privilige	privilege
7	aditionally	Additionally
7	constaints	constraints
7	throuh	through
7	somtimes	sometimes
7	sufix	suffix
7	respositories	repositories
7	contributer	Contributor
7	seprate	separate
7	imcomplete	incomplete
7	realease	release
7	returs	Returns
7	comitting	committing
7	recipies	recipes
7	syles	styles
7	chache	cache
7	darksed	Darksend
7	drkcoin	darkcoin
7	proprety	property
7	donwload	download
7	tuturial	tutorial
7	imlementation	implementation
7	infinte	infinite
7	depedent	dependent
7	dissasembler	disassembler
7	skiping	skipping
7	availalble	available
7	depenencies	dependencies
7	actaully	actually
7	maxium	maximum
7	javasript	JavaScript
7	paticular	particular
7	coordiante	coordinate
7	iteract	interact
7	absed	based
7	respondible	responsible
7	mantainers	maintainers
7	thrid	third
7	exluded	excluded
7	suppot	Support
7	ignoreing	ignoring
7	targetted	Targeted
7	widht	width
7	parrallel	parallel
7	rectange	rectangle
7	authorised	authorized
7	kubenretes	Kubernetes
7	flighid	flightId
7	equivilent	equivalent
7	cummulative	cumulative
7	contibuting	Contributing
7	applicatio	application
7	consturctor	constructor
7	listerner	listener
7	unneded	unneeded
7	opertions	operations
7	anotation	annotation
7	corresonding	corresponding
7	configuered	configured
7	tiemout	timeout
7	puase	pause
7	totol	total
7	waitting	waiting
7	retrun	Return
7	bahavior	behavior
7	scenerio	scenario
7	conainer	container
7	definded	defined
7	acessor	accessor
7	optiosn	options
7	aboslute	absolute
7	acess	Access
7	immutible	immutable
7	simulatenously	simultaneously
7	athorization	Authorization
7	perfomance	Performance
7	switchs	switches
7	ceate	create
7	paremeter	parameter
7	favourite	favorite
7	requet	request
7	expresions	expressions
7	unfortunatly	Unfortunately
7	primarly	primarily
7	annotaion	annotation
7	dendogram	dendrogram
7	instrinsic	intrinsic
7	chidren	children
7	insenstive	insensitive
7	defered	deferred
7	neccessarily	necessarily
7	versionning	Versioning
7	synchrorously	synchronously
7	usernane	username
7	compononentb	ComponentB
7	separtors	separators
7	folow	follow
7	variale	variable
7	statemnet	statement
7	destinatino	destination
7	syncronized	synchronized
7	instrospection	introspection
7	verifcation	verification
7	conifg	config
7	indentify	identify
7	versionning	versioning
7	discription	description
7	bounary	boundary
7	containt	contain
7	higest	highest
7	referance	Reference
7	registred	registered
7	itemvisiblepercentthreashold	itemVisiblePercentThreshold
7	impementation	implementation
7	activites	activities
7	respectivly	respectively
7	basiso	BASIS
7	addreses	addresses
7	servcie	service
7	costum	Custom
7	representaion	representation
7	continiously	continuously
7	appropirate	appropriate
7	fodler	folder
7	compatble	compatible
7	succintly	succinctly
7	expeceted	expected
7	laoded	loaded
7	retart	restart
7	betwee	between
7	connectivty	connectivity
7	initalizes	initializes
7	choise	choice
7	acomplish	accomplish
7	criterias	criteria
7	consumend	consumed
7	obect	Object
7	exectution	execution
7	throughly	thoroughly
7	uknown	Unknown
7	sematics	semantics
7	currenlty	currently
7	mecanism	mechanism
7	architechture	Architecture
7	horitontalspacing	horizontalSpacing
7	hhader	Header
7	deteremine	Determine
7	consiting	consisting
7	sepcify	specify
7	requset	request
7	paralell	parallel
7	webook	webhook
7	curruption	corruption
7	expecations	expectations
7	litle	little
7	supprot	support
7	utilites	Utilities
7	unoptimzed	unoptimized
7	premultipledalpha	premultipliedAlpha
7	kotin	kotlin
7	deverved	Deserved
7	applicaion	Application
7	definitons	definitions
7	verisons	versions
7	likesesstion	LikeSession
7	tempalte	Template
7	verion	Version
7	atachments	Attachments
7	secified	specified
7	exacly	exactly
7	altough	although
7	termianl	terminal
7	minimumvaluetobuylreached	MinimumValueToBuyReached
7	infrastucture	infrastructure
7	lenght	LENGTH
7	specifv	specific
7	testiing	Testing
7	logerfailed	loggerFailed
7	stackfoge	stackforge
7	specialazation	Specialization
7	failt	failed
7	ocassionally	occasionally
7	orivate	private
7	asser	asset
7	institutues	Institutes
7	getelementybyid	getElementById
7	dprecated	deprecated
7	indicies	Indices
7	funtion	Function
7	copry	copy
7	erisson	Ericsson
7	autoogenerated	AUTOGENERATED
7	providefeeback	provideFeedback
6	defaul	Default
6	squre	square
6	ident	indent
6	idpropery	idProperty
6	lisence	License
6	generats	generates
6	primitave	Primitive
6	propety	property
6	agian	again
6	miscelaneous	Miscellaneous
6	organisation	organization
6	equivelent	equivalent
6	refrence	Reference
6	upcomming	upcoming
6	validiyprototype	validityPrototype
6	serivces	services
6	pipleline	pipeline
6	pregress	progress
6	connexion	connection
6	peroid	period
6	databses	databases
6	minimze	minimize
6	yieleded	yielded
6	uless	unless
6	itmes	items
6	throgh	through
6	exeeds	exceeds
6	equiped	equipped
6	invetory	inventory
6	excatly	exactly
6	provieded	provided
6	vulnerbility	vulnerability
6	perfom	perform
6	atrributes	attributes
6	tranfer	transfer
6	supnernodes	supernodes
6	overrwriteexisting	overwriteExisting
6	cnofiguration	Configuration
6	invovle	involve
6	issupportresponseattatchment	isSupportResponseAttachment
6	fashon	fashion
6	ahould	should
6	automaticlly	automatically
6	eariler	earlier
6	initailize	initialize
6	variaty	variety
6	initalization	initialization
6	elecrton	Electron
6	implemenations	implementations
6	roboelectric	Robolectric
6	coordiantes	coordinates
6	permenantly	permanently
6	optionall	optionally
6	patform	platform
6	arithemtic	arithmetic
6	bindinds	bindings
6	creats	Creates
6	informaton	information
6	applicatino	application
6	corodva	cordova
6	interation	interaction
6	progres	progress
6	repsonsible	responsible
6	gloabl	global
6	satus	status
6	fisrt	first
6	seperating	separating
6	substracting	subtracting
6	resut	result
6	inastance	INSTANCE
6	consuemr	consumer
6	becaue	because
6	wilcard	wildcard
6	correclty	correctly
6	timestmaps	timestamps
6	deplyoing	deploying
6	occure	occur
6	meaningfull	meaningful
6	througout	throughout
6	deocder	decoder
6	comman	command
6	cannonicalization	canonicalization
6	dependenceis	dependencies
6	respons	response
6	processs	process
6	lengend	legend
6	dimenion	dimension
6	parms	params
6	revokation	revocation
6	manange	manage
6	biuld	build
6	intested	interested
6	flexiable	flexible
6	incompete	incomplete
6	beween	between
6	cumlative	cumulative
6	cumulativeackfulshrequired	cumulativeAckFlushRequired
6	hierarcy	hierarchy
6	convensions	Conventions
6	inclues	includes
6	messags	messages
6	availale	available
6	dstroy	DESTROY
6	classe	classes
6	finishs	finishes
6	attache	attach
6	alloted	allotted
6	recovable	revocable
6	comparision	Comparison
6	oustanding	outstanding
6	attepts	Attempts
6	finaly	Finally
6	asert	assert
6	reson	reason
6	singal	signal
6	perserve	preserve
6	performes	performs
6	interace	interface
6	endpint	endpoint
6	variabe	variable
6	defaultoverides	defaultOverrides
6	sqllite	SQLite
6	liftime	lifetime
6	lauch	launch
6	facilites	facilities
6	integrety	integrity
6	descrition	description
6	requets	request
6	borwser	browser
6	installl	install
6	additionnaly	Additionally
6	coallesce	coalesce
6	includeing	including
6	isntances	instances
6	behvaior	behavior
6	additiona	additional
6	resovled	resolved
6	valueed	valued
6	elswhere	elsewhere
6	enpoints	endpoints
6	identifers	identifiers
6	againt	against
6	revelant	relevant
6	bootstraping	bootstrapping
6	mulit	Multi
6	firts	first
6	automagically	automatically
6	imcompatible	incompatible
6	stronly	strongly
6	freqency	frequency
6	accesed	accessed
6	peices	pieces
6	extenion	extension
6	boudaries	boundaries
6	aptomioject	AptomiObject
6	attiributes	attributes
6	availbale	available
6	cotainer	container
6	withouth	without
6	exension	extension
6	detatch	Detach
6	pipeine	pipeline
6	dotnew	dotnet
6	quantites	quantities
6	objec	object
6	mulitple	Multiple
6	convertable	convertible
6	transofrmation	transformation
6	enteprise	Enterprise
6	filem	file
6	documentaiton	documentation
6	installtion	Installation
6	symantic	Semantic
6	optionnaly	optionally
6	variabled	variables
6	autentication	authentication
6	throught	throughout
6	themeselves	themselves
6	amound	amount
6	paramterized	parameterized
6	liklihood	likelihood
6	decomission	decommission
6	acually	actually
6	shoule	should
6	youself	yourself
6	devide	device
6	falsey	falsy
6	bascially	Basically
6	conect	connect
6	geting	getting
6	changlog	Changelog
6	substitue	substitute
6	prerequsites	Prerequisites
6	fromt	from
6	boostrapping	bootstrapping
6	foudn	found
6	dispaly	Display
6	proprties	properties
6	availablity	Availability
6	fullfillment	fulfillment
6	metadat	metadata
6	informatoin	information
6	comptue	compute
6	identifing	identifying
6	receving	receiving
6	differend	different
6	satisfing	satisfying
6	descibed	described
6	validata	validate
6	uncomplete	incomplete
6	possibily	possibility
6	termiante	terminate
6	membersip	membership
6	persistenprerun	PersistentPreRun
6	convered	converted
6	singel	single
6	istself	itself
6	methodoligies	methodologies
6	navitvely	natively
6	provisiong	provisioning
6	verions	versions
6	createing	creating
6	beacause	because
6	ususally	usually
6	orginally	originally
6	actuall	actually
6	disovery	discovery
6	softwares	software
6	restric	restrict
6	perforamnce	performance
6	dustthreshhold	dustThreshold
6	similarily	similarly
6	allocaiton	Allocation
6	everythign	everything
6	decriptor	descriptor
6	contirbutors	contributors
6	docuemnt	document
6	paremeters	parameters
6	targer	target
6	prameters	Parameters
6	defult	default
6	predicatable	predictable
6	theese	these
6	exammple	example
6	rewriten	rewritten
6	altenate	alternate
6	javascipt	javascript
6	conjuntion	conjunction
6	depleats	depletes
6	openend	opened
6	desgin	design
6	propertyn	property
6	awailable	available
6	archicture	Architecture
6	contianing	containing
6	comand	Command
6	dyanmic	Dynamic
6	retrict	restrict
6	registation	registration
6	embedd	embed
6	examble	Example
6	conext	context
6	undestanding	understanding
6	loger	longer
6	columsn	columns
6	trafic	traffic
6	generalised	generalized
6	acount	Account
6	configuarion	configuration
6	instread	instead
6	stucked	stuck
6	detemines	determines
6	initilize	Initialize
6	alrady	already
6	witdh	Width
6	confiugration	configuration
6	contructors	constructors
6	availables	available
6	laguage	language
6	convertuin	convertUint
6	likelyhood	likelihood
6	matirx	matrix
6	provid	provide
6	frist	first
6	stoped	stopped
6	simialr	similar
6	pugins	plugins
6	faild	failed
6	direcly	directly
6	considerd	considered
6	contaienrs	containers
6	respresentation	representation
6	priviledge	privilege
6	relases	releases
6	annoations	annotations
6	absoulute	absolute
6	subcriber	subscriber
6	informatino	information
6	deploymnet	Deployment
6	configuraion	configuration
6	lockaquired	lockAcquired
6	abandonded	abandoned
6	separte	separate
6	clutser	cluster
6	ocured	occurred
6	isclientauthtls	isClientAutoTLS
6	niether	neither
6	prefereable	preferable
6	minquotaperod	minQuotaPeriod
6	evalutor	evaluator
6	sciprt	script
6	outout	output
6	adminstrators	administrators
6	absolut	absolute
6	useddd	used
6	attatch	attach
6	implementions	implementations
6	mudule	module
6	airsp	AIRSPD
6	dasboard	dashboard
6	colllection	collection
6	lables	Labels
6	gralde	gradle
6	visibilty	visibility
6	minize	minimize
6	mailling	mailing
6	tranpose	transpose
6	cmastenrodeping	CMasternodePing
6	dissapeared	disappeared
6	sccript	script
6	reagion	region
6	additionnal	additional
6	accidentially	accidentally
6	enalbe	Enable
6	dictionnary	Dictionary
6	arrray	array
6	profix	prefix
6	compilant	compliant
6	brances	branches
6	backgound	Background
6	defauts	defaults
6	tookit	Toolkit
6	prerequesites	PREREQUISITES
6	psudo	pseudo
6	optimisation	optimization
6	suplied	supplied
6	dinamically	Dynamically
6	dissconect	disconnect
6	statemens	statements
6	convering	converting
6	apear	appear
6	brige	bridge
6	environemt	environment
6	signficant	significant
6	indepdently	independently
6	easilly	easily
6	commonschunksplugin	CommonsChunkPlugin
6	conveninent	convenient
6	additionnaly	additionally
6	compatibiliy	compatibility
6	reduntant	redundant
6	sepecify	specify
6	onbuid	onbuild
6	middelware	middleware
6	datasciece	DataScience
6	othewise	Otherwise
6	mwcos	macOS
6	ingegrated	integrated
6	belyw	below
6	documentatation	Documentation
6	avarage	Average
6	applicaitons	applications
6	sisnp	sinsp
6	reques	Request
6	confog	config
6	conflit	conflict
6	onject	object
6	elastisearch	Elasticsearch
6	fetures	features
6	searh	search
6	mimick	mimic
6	sucessfull	successful
6	sonartype	sonatype
6	conflcit	conflict
6	cutsom	custom
6	buildling	building
6	alwaus	always
6	intefrace	interface
6	suddently	suddenly
6	substracts	Subtracts
6	individial	individual
6	bugifx	BUGFIX
6	repetative	repetitive
6	completey	completely
6	pplication	application
6	implmenetation	implementation
6	boolan	boolean
6	requirments	Requirements
6	reacte	React
6	demonstates	demonstrates
6	estimtoe	estimote
6	diable	disable
6	preceeds	precedes
6	componenet	component
6	latests	latest
6	plase	Please
6	sychnronization	synchronization
6	strenght	strength
6	referance	reference
6	becuse	because
6	installataion	installation
6	parellel	parallel
6	mimicks	mimics
6	repitions	repetitions
6	portugese	Portuguese
6	dispalying	displaying
6	andoid	android
6	prerequisits	Prerequisites
6	libaries	Libraries
6	profileparitionlistener	ProfilePartitionListener
6	transtionspec	transitionSpec
6	consitency	consistency
6	savely	safely
6	availaible	available
6	minifed	minified
6	sevice	service
6	ednpoint	endpoint
6	exract	extract
6	simliar	similar
6	stucture	structure
6	provies	provides
6	behing	behind
6	arguemnt	argument
6	folllowing	following
6	zplugin	plugin
6	owened	owned
6	trhough	through
6	mesage	Message
6	itslef	itself
6	ocleot	Ocelot
6	chekbox	checkbox
6	recatpcha	recaptcha
6	usign	using
6	disbaled	disabled
6	validtepassword	ValidatePassword
6	previos	previous
6	idenfier	identifier
6	implemenation	IMPLEMENTATION
6	deafault	default
6	diryartifacts	dirtyArtifacts
6	loggin	logging
6	conversaion	conversation
6	convension	convention
6	sensistive	sensitive
6	folloing	following
6	commmits	commits
6	confiugre	Configure
6	onventions	conventions
6	postfiiler	PostFilter
6	magor	major
6	peiece	piece
6	uniue	unique
6	surfaec	surface
6	reove	remove
6	deleteid	deletedId
6	occassionally	Occasionally
6	conflitresolution	conflictResolution
6	mechanisim	mechanism
6	breienneoftarth	BrienneOfTarth
6	returnglrmreconstrut	returnGLRMReconstruct
6	executon	execution
6	overal	overall
6	servicemonitorselecorniluseshelmvalues	serviceMonitorSelectorNilUsesHelmValues
6	resouregroup	resourceGroup
6	contianers	containers
6	provenenace	provenance
6	containscaffeine	containscafeine
6	lisence	license
6	guarantess	guarantees
6	distuitsl	distutils
6	cient	Client
6	deattachservice	detachService
6	obsercation	observation
6	opemtransactioninfo	openTransactionInfo
6	convlution	Convolution
6	contrase	contrast
6	hasequivilantsibling	hasEquivalentSibling
6	imcompatibilities	incompatibilities
6	isdelete	IsDeleted
6	plubin	plugin
6	anwser	answer
6	debuging	Debugging
6	assistence	assistance
6	deterimine	determine
6	rejcted	rejected
6	configration	Configuration
6	alreay	already
6	buidl	build
6	aligment	alignment
6	methd	method
6	mardown	markdown
6	permisions	permissions
6	parametr	Parameter
6	inconsistant	inconsistent
6	physparms	physParams
6	treshold	Threshold
6	lincense	License
6	nomralization	normalization
6	opactiy	opacity
6	deperecated	deprecated
6	pyhton	python
6	convienence	convenience
6	mutal	mutual
6	mockec	mocked
6	automatycally	Automatically
6	recommandation	recommendation
6	baisc	basic
6	conrtibuting	contributing
6	evalutated	evaluated
6	worklow	workflow
6	runningaddresess	runningAddresses
6	genereate	generate
6	implents	implements
6	akkaprofobuf	akkaProtobuf
6	validatatoken	validateToken
6	finsihed	finished
6	contrain	constrain
6	negtive	negative
6	dowloaded	downloaded
6	soruce	SOURCE
6	vistied	visited
6	insatlled	installed
6	marged	merged
6	caling	calling
6	inheritddoc	inheritDoc
6	middlewar	middleware
6	diretory	Directory
6	requisitie	requisite
6	tfsvc	Tfvc
6	fabrikma	fabrikam
6	adming	admin
6	computename	ComputerName
6	recogizers	recognizers
6	citical	Critical
6	reporeted	reported
6	insrumentationkey	InstrumentationKey
6	profiler	profiles
6	efieservedmemorytype	EfiReservedMemoryType
6	pxebcflushstaionip	PxeBcFlushStationIp
6	initializatin	initialization
6	sloution	solution
6	oveflow	overflow
6	gefistatuscodespecificdatauid	gEfiStatusCodeSpecificDataGuid
6	primay	Primary
6	futhure	future
6	assignanle	assignable
6	actitivies	activities
6	maxvisibilesuggestions	maxVisibleSuggestions
6	viewdissapearing	ViewDisappearing
6	anonimity	anonymity
6	redirec	redirect
6	mimimal	minimal
6	traslation	translation
6	silient	SILENT
6	masterial	material
6	qingclound	QingCloud
6	adjustements	adjustments
6	returing	returning
6	defauls	defaults
6	cahrt	chart
6	dinstances	instances
6	temporarly	temporarily
6	checkinvarient	checkInvariant
6	millisecondstonexttic	millisecondsToNextTick
6	quotaenforcmenttypeenum	QuotaEnforcementTypeEnum
6	mobilnetv	mobilenetv
6	handleimagescucess	handleImageSuccess
6	maxos	macOS
6	infroms	informs
6	membershup	membership
6	chromlessoptions	chromelessOptions
6	invalidparameteserror	invalidParametersError
6	burdoning	burdening
6	validatdensitymatrqureg	validateDensityMatrQureg
6	seperated	separate
6	intimezome	InTimeZone
6	squak	squawk
6	automatcially	automatically
6	hystryx	hystrix
6	configiguration	configuration
6	quuery	query
6	defualts	defaults
6	upercase	UPPERCASE
6	validd	valid
6	menuu	menu
6	diemnsion	dimension
6	coverter	converter
6	kbitps	kbits
6	complecxity	complexity
6	loaidng	LOADING
6	imporantly	Importantly
6	deply	DEPLOY
6	bounardies	boundaries
6	saven	save
5	nummeric	Numeric
5	experssion	expression
5	platofrm	platform
5	modul	module
5	groupping	grouping
5	mettingseries	MeetingSeries
5	wellcome	welcome
5	provile	profile
5	indentifying	identifying
5	aleady	already
5	primitave	primitive
5	gorup	group
5	optins	options
5	excelent	excellent
5	commot	commit
5	histroy	history
5	witefrequency	writeFrequency
5	followin	following
5	seqeuence	sequence
5	unweildy	unwieldy
5	regualar	regular
5	secound	second
5	matchin	matching
5	gurantees	guarantees
5	draging	Dragging
5	peformance	Performance
5	algorythm	algorithm
5	aceept	accept
5	diabled	disabled
5	thourough	thorough
5	signficantly	significantly
5	contining	containing
5	feture	feature
5	pleaes	Please
5	engingeering	engineering
5	schem	schema
5	descisions	decisions
5	contry	country
5	caluclated	calculated
5	ammend	amend
5	appication	application
5	requrests	requests
5	produciton	production
5	autoamtically	automatically
5	hieararchy	hierarchy
5	reeturns	Returns
5	artifical	artificial
5	febuary	February
5	diretly	directly
5	aquiring	acquiring
5	didnt	didn't
5	removewordsifnoresult	removeWordsIfNoResults
5	adiacent	adjacent
5	compatbility	compatibility
5	reuqests	requests
5	unknwon	Unknown
5	restat	restart
5	deisgn	design
5	instllation	installation
5	hierachical	hierarchical
5	generaly	generally
5	grcping	grpcping
5	fetchs	fetches
5	bufferred	buffered
5	delcaration	declaration
5	tyepof	typeof
5	succint	succinct
5	expoter	exporter
5	maxium	Maximum
5	expicit	explicit
5	javacript	javascript
5	minkube	minikube
5	promted	prompted
5	furhter	further
5	intsalled	installed
5	spefified	specified
5	primitve	primitive
5	visualiation	visualization
5	entitys	entities
5	mangement	management
5	delimeted	delimited
5	optimiation	optimization
5	contens	contents
5	choses	chooses
5	templated	template
5	delcared	declared
5	represnting	representing
5	necesarily	necessarily
5	stategy	strategy
5	handeled	handled
5	ajust	adjust
5	scaleable	scalable
5	cusom	custom
5	commad	command
5	synax	syntax
5	bootsrap	bootstrap
5	isntallation	installation
5	longtitude	longitude
5	reffers	refers
5	feedbacks	feedback
5	attribtue	attribute
5	inconsitent	inconsistent
5	intergrate	integrate
5	undelying	underlying
5	fullfilling	fulfilling
5	decompostion	decomposition
5	protocal	Protocol
5	wranings	warnings
5	satifies	satisfies
5	catelog	catalog
5	contrained	constrained
5	behavoir	behavior
5	provdes	provides
5	proejct	project
5	subscibe	subscribe
5	propeties	properties
5	coniguration	configuration
5	erorrs	errors
5	followign	following
5	arguemtns	arguments
5	valie	value
5	rooloader	RootLoader
5	environmen	environment
5	requies	requires
5	chuncked	chunked
5	sepcifies	specifies
5	tranformed	transformed
5	localtion	location
5	grpctcccordinatecommand	GrpcTccCoordinateCommand
5	veritcal	vertical
5	comitters	committers
5	suiteable	suitable
5	alogrithm	algorithm
5	premissions	permissions
5	transcation	transaction
5	segements	segments
5	intall	Install
5	givne	given
5	dcoker	Docker
5	analyse	analyze
5	weither	Whether
5	resoures	resources
5	igored	ignored
5	usefule	useful
5	availablility	availability
5	benificial	beneficial
5	otherise	Otherwise
5	correspnding	corresponding
5	pythong	Python
5	reponsibility	responsibility
5	resoultion	resolution
5	absoulte	absolute
5	assistent	assistant
5	flexability	flexibility
5	prequisites	Prerequisites
5	cachable	cacheable
5	awarenes	awareness
5	satify	satisfy
5	recusive	recursive
5	procede	proceed
5	renderes	renders
5	mdoel	model
5	geting	Getting
5	youre	your
5	sumbit	submit
5	saftey	safety
5	alligned	aligned
5	availiable	available
5	represnts	represents
5	woudl	would
5	inferrence	inference
5	posibilities	possibilities
5	abstactions	abstractions
5	pacakge	Package
5	traget	target
5	idenity	identity
5	collission	collision
5	numner	number
5	impelementation	implementation
5	auxillary	auxiliary
5	specififed	specified
5	intializers	initializers
5	changable	changeable
5	separatly	separately
5	folloiwng	following
5	depening	depending
5	validatoin	validation
5	compliler	compiler
5	destroyes	destroys
5	caled	called
5	uninitalized	uninitialized
5	logviewwer	LogViewer
5	thansk	thanks
5	matcing	matching
5	uknown	unknown
5	propogates	propagates
5	parmeters	parameters
5	permissable	permissible
5	compund	compound
5	refere	Refer
5	synchonrously	synchronously
5	larave	Laravel
5	middlewware	middleware
5	attempeting	attempting
5	sentance	sentence
5	milion	million
5	deleteing	deleting
5	corect	correct
5	contrainer	container
5	contanier	container
5	restirctions	restrictions
5	maintenamce	maintenance
5	refernces	references
5	deploymnet	deployment
5	envryption	encryption
5	homestaed	Homestead
5	additonally	Additionally
5	exmample	example
5	suppy	supply
5	relatinoship	relationship
5	rutines	runtimes
5	clousures	Closures
5	scheam	scheme
5	udpateoffset	updateOffset
5	licnese	license
5	traing	training
5	inital	Initial
5	distrubted	distributed
5	enhacements	enhancements
5	havent	haven't
5	gatway	gateway
5	dependnecies	dependencies
5	alows	allows
5	therfore	therefore
5	automatially	automatically
5	insance	instance
5	decomissioned	decommissioned
5	occassion	occasion
5	compoment	component
5	passphrass	passphrase
5	exeception	exception
5	lanaguage	Language
5	funcitonal	functional
5	inititalize	Initialize
5	dependecnies	dependencies
5	contibuting	contributing
5	bootstraped	bootstrapped
5	argmuent	Argument
5	adapater	adapter
5	extented	extended
5	volumne	volume
5	primay	primary
5	continuos	continuous
5	delgation	delegation
5	workign	working
5	scenarion	scenario
5	lanuage	language
5	aplha	alpha
5	calulating	calculating
5	metatada	metadata
5	iamges	images
5	percision	precision
5	agrument	argument
5	onlly	only
5	regiser	register
5	initilizer	initializer
5	perfomrance	performance
5	plese	please
5	mathematitian	mathematician
5	excercising	exercising
5	contatenated	concatenated
5	negotianing	negotiating
5	woudld	would
5	unealthy	unhealthy
5	mounpoint	mountpoint
5	nanoseonds	nanoseconds
5	siginifies	signifies
5	mdoule	module
5	fiels	files
5	callack	callback
5	indenation	indentation
5	boomarksrpc	bookmarksRPC
5	libary	Library
5	woker	worker
5	creater	greater
5	addresss	address
5	polyfil	polyfill
5	appropraite	appropriate
5	ovewrite	overwrite
5	timout	TIMEOUT
5	exectured	executed
5	derivateionfailed	derivationFailed
5	ojbect	object
5	mathing	matching
5	visted	visited
5	atrribute	attribute
5	enviornment	Environment
5	happended	happened
5	bipay	bitpay
5	recorddynamitcustomevent	recordDynamicCustomEvent
5	occuers	occurs
5	buiding	building
5	depeding	depending
5	requirment	requirement
5	dommy	dummy
5	reacrdom	ReactDOM
5	listenning	listening
5	inteval	interval
5	pyton	Python
5	actiont	Action
5	attestiations	attestations
5	finshundel	finishundel
5	producr	producer
5	anmazon	Amazon
5	ubunut	Ubuntu
5	mathes	matches
5	authorites	authorities
5	exessive	excessive
5	accountm	account
5	tipically	Typically
5	defintions	Definitions
5	hidding	hiding
5	ingore	IGNORE
5	prefence	preference
5	equivlaent	equivalent
5	specifity	specificity
5	whther	whether
5	sotrage	storage
5	whehter	whether
5	copmonent	component
5	souce	Source
5	returend	returned
5	conncetion	connection
5	contnet	content
5	construting	constructing
5	yanrc	yarnc
5	runnin	running
5	guarunteed	guaranteed
5	continguous	contiguous
5	featue	feature
5	realted	related
5	supporitng	supporting
5	provding	providing
5	autorization	authorization
5	inconvience	inconvenience
5	assiciated	associated
5	existin	existing
5	cleint	client
5	maximimum	maximum
5	configurtion	configuration
5	envoronment	environment
5	maintenability	maintainability
5	copys	copies
5	occurr	occur
5	converage	coverage
5	propperly	properly
5	ubutnu	Ubuntu
5	frameowrk	framework
5	appened	appended
5	screeen	screen
5	apend	append
5	speciffic	specific
5	dimentional	dimensional
5	distibuted	distributed
5	devleop	develop
5	sparce	sparse
5	conaining	containing
5	returne	return
5	envionment	environment
5	suffic	suffix
5	amdin	admin
5	lanugages	languages
5	licesnse	license
5	pluggin	plugin
5	golder	folder
5	aslias	alias
5	assiting	assisting
5	valus	values
5	featues	features
5	interalstatetype	InternalStateType
5	documetn	document
5	prototying	prototyping
5	depdency	dependency
5	avaialable	available
5	cetificate	certificate
5	intitialization	initialization
5	annouce	announce
5	overrride	override
5	inclue	include
5	nostarytest	notarytest
5	follwed	followed
5	forwared	forwarded
5	delte	Delete
5	storge	storage
5	substition	substitution
5	kudectl	kubectl
5	clusterm	cluster
5	samem	same
5	multipled	multiplied
5	retruning	returning
5	emtpy	Empty
5	specifices	specifies
5	invaild	invalid
5	hould	should
5	runnig	Running
5	chuncks	chunks
5	verifing	verifying
5	unter	under
5	surpress	suppress
5	promethues	Prometheus
5	exersize	exercise
5	porvided	provided
5	bescribed	described
5	instrution	instruction
5	execion	execution
5	exampl	example
5	plguin	plugin
5	specificaiton	specification
5	distrobutions	distributions
5	unsuportedmodelerror	UnsupportedModelError
5	qeustion	question
5	ukranian	Ukrainian
5	iterface	interface
5	syncronously	synchronously
5	plase	please
5	adter	After
5	optimzer	optimizer
5	simplication	simplification
5	chartadvanced	chartsAdvanced
5	mantain	maintain
5	botstrap	bootstrap
5	regsitration	registration
5	paramaters	PARAMETERS
5	goverance	governance
5	vpshere	vsphere
5	requre	require
5	framworks	Frameworks
5	listerns	listeners
5	withou	without
5	expections	expectations
5	provie	provide
5	miscellanous	Miscellaneous
5	microsft	Microsoft
5	directorty	directory
5	neede	needed
5	relashionship	relationship
5	utilies	utilities
5	constitues	constitutes
5	sytem	System
5	productin	production
5	happends	happens
5	desribe	Describe
5	greather	greater
5	highligting	highlighting
5	seconday	secondary
5	attribue	attribute
5	nessesary	necessary
5	builing	building
5	straighforward	straightforward
5	activtion	activation
5	respository	Repository
5	descrease	decrease
5	prerequisities	prerequisites
5	exapmles	examples
5	dafult	default
5	refernce	Reference
5	commision	commission
5	recort	Record
5	evenlistener	EventListener
5	effiently	efficiently
5	transction	transaction
5	behoviour	behaviour
5	contiguos	contiguous
5	assocation	association
5	desciribing	describing
5	hierachies	hierarchies
5	tranport	transport
5	constrainted	constrained
5	wepback	webpack
5	reamde	README
5	depreacted	deprecated
5	ocurr	occur
5	buliding	building
5	previus	previous
5	simpy	simply
5	continuoous	continuous
5	sublcass	subclass
5	exmple	example
5	transfering	Transferring
5	miscellanious	Miscellaneous
5	internall	internally
5	anonymouse	anonymous
5	wirte	write
5	fiels	fields
5	sonartype	Sonatype
5	dimenions	dimensions
5	discusion	discussion
5	othewise	otherwise
5	syntatic	syntactic
5	appraoch	approach
5	sturcture	structure
5	docuemntation	documentation
5	exemple	Example
5	tupel	tuple
5	speficic	specific
5	resonse	response
5	concurently	concurrently
5	fullfill	fulfill
5	substracts	subtracts
5	opiniated	opinionated
5	triggerd	triggered
5	conveience	Convenience
5	itereator	iterator
5	analyis	analysis
5	filenames	filename
5	recived	received
5	requrie	require
5	flexibile	flexible
5	imlemented	implemented
5	truncat	truncate
5	intresting	interesting
5	staticaly	statically
5	wasserteinloss	WassersteinLoss
5	mathces	matches
5	arbitray	arbitrary
5	awating	awaiting
5	coverters	converters
5	modifiying	modifying
5	destory	Destroy
5	domai	domain
5	appconfg	appconfig
5	meaninful	meaningful
5	isdiplaying	isDisplaying
5	asymetric	asymmetric
5	asynchonous	asynchronous
5	coverate	coverage
5	submiting	submitting
5	opiton	option
5	desribe	describe
5	comunity	Community
5	comparaison	comparison
5	httsp	https
5	enviorment	environment
5	informations	Information
5	inifinte	infinite
5	permanant	permanent
5	statefull	stateful
5	manully	manually
5	versino	version
5	appopriate	appropriate
5	complext	complex
5	timestmap	timestamp
5	gatbsy	Gatsby
5	asumption	assumption
5	exapanded	expanded
5	congradulations	Congratulations
5	sytnax	syntax
5	isntalled	installed
5	craeted	created
5	adition	addition
5	downlaod	Download
5	entrie	entry
5	doesn	does
5	publick	public
5	reuqests	Requests
5	deplying	Deploying
5	unavilable	Unavailable
5	vunerabilities	vulnerabilities
5	decendant	descendant
5	generater	generator
5	doman	domain
5	addressess	addresses
5	continuosly	continuously
5	cryptograhic	cryptographic
5	inconsistancy	inconsistency
5	syncronize	synchronize
5	interactice	interactive
5	succeds	succeeds
5	couter	counter
5	techincally	Technically
5	simplicitly	simplicity
5	univeral	Universal
5	dateformatcallendar	dateFormatCalendar
5	defautl	default
5	stroage	storage
5	stroage	STORAGE
5	atempt	attempt
5	feauture	feature
5	seprate	Separate
5	authentification	Authentication
5	acknowldge	acknowledge
5	troublshooting	Troubleshooting
5	creationg	creation
5	stadard	standard
5	vulnerabilites	vulnerabilities
5	concious	conscious
5	delet	delete
5	succeeed	succeed
5	platfom	platform
5	commiters	committers
5	gerated	generated
5	howdai	howdyai
5	instrumentaiton	instrumentation
5	tehre	there
5	simplifed	simplified
5	detailled	Detailed
5	idenitfy	identify
5	remainging	remaining
5	availabile	available
5	repositoy	repository
5	celcius	celsius
5	hiden	hidden
5	capilatizefirst	capitalizeFirst
5	accout	account
5	quiries	queries
5	findendereddomcomponentswithtag	findRenderedDOMComponentsWithTag
5	implemenation	Implementation
5	referrred	referred
5	architectual	architectural
5	enitity	entity
5	exhausitve	exhaustive
5	customisable	customizable
5	applys	applies
5	propertie	property
5	defininng	defining
5	pagckage	package
5	happend	happen
5	confg	config
5	widnows	WINDOWS
5	unneccesarily	unnecessarily
5	pathneame	Pathname
5	additinal	additional
5	opporunity	opportunity
5	activitiy	activity
5	unfortunatly	unfortunately
5	coverting	converting
5	jenknisfilebackup	jenkinsfileBackup
5	configre	configure
5	gramatically	grammatically
5	plugable	pluggable
5	necessery	necessary
5	setupy	setup
5	excutable	executable
5	exeptions	exceptions
5	corret	correct
5	writed	written
5	kakfa	Kafka
5	negotation	negotiation
5	celluar	CELLULAR
5	santize	sanitize
5	plarform	Platform
5	improvment	improvement
5	liunx	Linux
5	miinimum	minimum
5	tolen	token
5	editting	Editing
5	responsiblity	responsibility
5	simplicty	simplicity
5	kublet	kubelet
5	brances	braces
5	oppurtunity	opportunity
5	contstruct	construct
5	regural	regular
5	feild	field
5	premptively	Preemptively
5	exsisting	existing
5	exernal	external
5	absolutly	absolutely
5	appliction	application
5	inifite	infinite
5	cancled	canceled
5	buton	button
5	thigns	things
5	donwloading	downloading
5	alises	aliases
5	rewritting	rewriting
5	sucessors	successors
5	outselves	ourselves
5	chekc	CHECK
5	singlton	singleton
5	havve	have
5	exected	executed
5	registeres	Registers
5	bianry	binary
5	failureoccured	failureOccurred
5	setings	Settings
5	manangement	management
5	configruation	configuration
5	virutalenv	virtualenv
5	avaliable	Available
5	volatge	voltage
5	traning	training
5	immidiate	immediate
5	chnaged	CHANGED
5	conversly	Conversely
5	chech	check
5	unknwons	unknowns
5	vizualization	visualization
5	oauth	auth
5	caputre	capture
5	proove	prove
5	dettached	detached
5	asure	Ensure
5	tolerange	tolerance
5	instersects	intersects
5	listenting	listening
5	intialisation	initialisation
5	autmatically	automatically
5	willl	will
5	rentiondays	retentionDays
5	sholud	should
5	avalaible	available
5	interperted	interpreted
5	caribles	Variables
5	comitteeemail	committeeEmail
5	anchoredetries	anchoredEntries
5	reciever	Receiver
5	distiguish	distinguish
5	attribtes	attributes
5	toravailble	torAvailable
5	whithin	within
5	treatement	treatment
5	cosistent	consistent
5	aprove	Approve
5	implemantation	Implementation
5	beahlf	behalf
5	indiciate	indicate
5	snapshoted	Snapshotted
5	momemnt	moment
5	instatiate	instantiate
5	plataform	Platform
5	autocoplete	autocomplete
5	dipose	Dispose
5	relased	released
5	confortable	comfortable
5	requried	Required
5	uncompatible	incompatible
5	smnoncaisetmarkrule	smNonCaliSetMarkRule
5	envoking	invoking
5	ording	ordering
5	devation	deviation
5	locles	locales
5	intially	initially
5	maybetextsibilng	maybeTextSibling
5	createreducr	createReducer
5	smeantics	semantics
5	substitions	substitutions
5	pulish	publish
5	tranmission	transmission
5	norysync	norsync
5	represetning	representing
5	thatn	than
5	applicaiton	Application
5	scince	Since
5	showloinerror	showLoginError
5	reciept	receipt
5	becaues	Because
5	exeeded	exceeded
5	depricatedquery	deprecatedQuery
5	crytical	Critical
5	paswordless	passwordless
5	prexisting	preexisting
5	arleady	already
5	authroremail	authorEmail
5	vistit	visit
5	ghostsetttingsfields	GhostSettingsFields
5	camcelcase	camelCase
5	scootor	scooter
5	speial	Special
5	addroute	addRoutes
5	gruopa	groupA
5	substituions	substitutions
5	removeimport	removeImports
